{
  "_fv": 60,
  "_type": "achievement",
  "definition": {
    "achievementName": "Arachnid Ally",
    "achievementDescription": "Tame Your First Spider",
    "achievementIcon": {
      "value": "CUSTOM:AdvancementIconAlly"
    },
    "background": "Default",
    "disableDisplay": false,
    "showPopup": true,
    "announceToChat": true,
    "hideIfNotCompleted": false,
    "rewardLoot": [],
    "rewardRecipes": [],
    "rewardFunction": "No function",
    "rewardXP": 0,
    "achievementType": "task",
    "parent": {
      "value": "CUSTOM:RootAdvancement"
    },
    "triggerxml": "<xml xmlns=\"https://developers.google.com/blockly/xml\"><block type=\"advancement_trigger\" deletable=\"false\" x=\"183\" y=\"179\"><next><block type=\"custom_trigger\"></block></next></block></xml>"
  }
}