{
  "_fv": 60,
  "_type": "livingentity",
  "definition": {
    "mobName": "Spider",
    "mobLabel": "",
    "mobModelName": "Spider",
    "mobModelTexture": "spider.png",
    "transparentModelCondition": {
      "fixedValue": false
    },
    "isShakingCondition": {
      "fixedValue": false
    },
    "solidBoundingBox": {
      "fixedValue": false
    },
    "visualScale": {
      "fixedValue": 1.0,
      "name": "Scale"
    },
    "boundingBoxScale": {
      "fixedValue": 1.0
    },
    "modelLayers": [
      {
        "model": "Modelspider_big_head",
        "texture": "spider.png",
        "glow": false,
        "condition": {
          "name": "IsChild"
        }
      },
      {
        "model": "Modelspider_big_head",
        "texture": "spider_eyes.png",
        "glow": true,
        "condition": {
          "name": "IsChild"
        }
      },
      {
        "model": "Default",
        "texture": "spider_back.png",
        "glow": false,
        "condition": {
          "name": "IsStanding"
        }
      },
      {
        "model": "Modelspider_sit",
        "texture": "spider_back.png",
        "glow": false,
        "condition": {
          "name": "IsSitting"
        }
      },
      {
        "model": "Default",
        "texture": "spider_eyes.png",
        "glow": true,
        "condition": {
          "name": "IsAdult"
        }
      },
      {
        "model": "Default",
        "texture": "collar_white.png",
        "glow": false,
        "condition": {
          "name": "Collar_IsWhite"
        }
      },
      {
        "model": "Default",
        "texture": "collar_lightgray.png",
        "glow": false,
        "condition": {
          "name": "Collar_IsLightGray"
        }
      },
      {
        "model": "Default",
        "texture": "collar_gray.png",
        "glow": false,
        "condition": {
          "name": "Collar_IsGray"
        }
      },
      {
        "model": "Default",
        "texture": "collar_black.png",
        "glow": false,
        "condition": {
          "name": "Collar_IsBlack"
        }
      },
      {
        "model": "Default",
        "texture": "collar_brown.png",
        "glow": false,
        "condition": {
          "name": "Collar_IsBrown"
        }
      },
      {
        "model": "Default",
        "texture": "collar_red.png",
        "glow": false,
        "condition": {
          "name": "Collar_IsRed"
        }
      },
      {
        "model": "Default",
        "texture": "collar_orange.png",
        "glow": false,
        "condition": {
          "name": "Collar_IsOrange"
        }
      },
      {
        "model": "Default",
        "texture": "collar_yellow.png",
        "glow": false,
        "condition": {
          "name": "Collar_IsYellow"
        }
      },
      {
        "model": "Default",
        "texture": "collar_lime.png",
        "glow": false,
        "condition": {
          "name": "Collar_IsLime"
        }
      },
      {
        "model": "Default",
        "texture": "collar_green.png",
        "glow": false,
        "condition": {
          "name": "Collar_IsGreen"
        }
      },
      {
        "model": "Default",
        "texture": "collar_cyan.png",
        "glow": false,
        "condition": {
          "name": "Collar_IsCyan"
        }
      },
      {
        "model": "Default",
        "texture": "collar_lightblue.png",
        "glow": false,
        "condition": {
          "name": "Collar_IsLightBlue"
        }
      },
      {
        "model": "Default",
        "texture": "collar_blue.png",
        "glow": false,
        "condition": {
          "name": "Collar_IsBlue"
        }
      },
      {
        "model": "Default",
        "texture": "collar_purple.png",
        "glow": false,
        "condition": {
          "name": "Collar_IsPurple"
        }
      },
      {
        "model": "Default",
        "texture": "collar_magenta.png",
        "glow": false,
        "condition": {
          "name": "Collar_IsMagenta"
        }
      },
      {
        "model": "Default",
        "texture": "collar_pink.png",
        "glow": false,
        "condition": {
          "name": "Collar_IsPink"
        }
      }
    ],
    "modelWidth": 1.4,
    "modelHeight": 0.9,
    "modelShadowSize": 0.5,
    "mountedYOffset": 0.0,
    "hasSpawnEgg": false,
    "spawnEggBaseColor": {
      "value": -1,
      "falpha": 0.0
    },
    "spawnEggDotColor": {
      "value": -1,
      "falpha": 0.0
    },
    "creativeTab": {
      "value": "No creative tab entry"
    },
    "isBoss": false,
    "bossBarColor": "PINK",
    "bossBarType": "PROGRESS",
    "equipmentMainHand": {
      "value": ""
    },
    "equipmentOffHand": {
      "value": ""
    },
    "equipmentHelmet": {
      "value": ""
    },
    "equipmentBody": {
      "value": ""
    },
    "equipmentLeggings": {
      "value": ""
    },
    "equipmentBoots": {
      "value": ""
    },
    "mobBehaviourType": "Mob",
    "mobCreatureType": "ARTHROPOD",
    "attackStrength": 2,
    "attackKnockback": 0.0,
    "knockbackResistance": 0.0,
    "movementSpeed": 0.3000000192,
    "stepHeight": 0.6,
    "armorBaseValue": 0.0,
    "trackingRange": 64,
    "followRange": 16,
    "health": 16,
    "xpAmount": 0,
    "waterMob": false,
    "breatheUnderwater": {
      "fixedValue": false
    },
    "pushedByFluids": {
      "fixedValue": true
    },
    "flyingMob": false,
    "guiBoundTo": "SpiderInventory",
    "inventorySize": 9,
    "inventoryStackSize": 64,
    "disableCollisions": false,
    "ridable": true,
    "canControlForward": true,
    "canControlStrafe": false,
    "immuneToFire": false,
    "immuneToArrows": false,
    "immuneToFallDamage": false,
    "immuneToCactus": false,
    "immuneToDrowning": false,
    "immuneToLightning": false,
    "immuneToPotions": false,
    "immuneToPlayer": false,
    "immuneToExplosion": false,
    "immuneToTrident": false,
    "immuneToAnvil": false,
    "immuneToWither": false,
    "immuneToDragonBreath": false,
    "mobDrop": {
      "value": ""
    },
    "livingSound": {
      "value": "entity.spider.ambient"
    },
    "hurtSound": {
      "value": "entity.spider.hurt"
    },
    "deathSound": {
      "value": "entity.spider.death"
    },
    "stepSound": {
      "value": "entity.spider.step"
    },
    "entityDataEntries": [
      {
        "name": "sitting_state",
        "type": "logic",
        "value": false
      },
      {
        "name": "sitting_mode",
        "type": "logic",
        "value": false
      },
      {
        "min": -2147483648,
        "max": 2147483647,
        "name": "collar",
        "type": "integer",
        "value": -1
      },
      {
        "min": -2147483648,
        "max": 2147483647,
        "name": "breed_ticks",
        "type": "integer",
        "value": 0
      },
      {
        "min": -2147483648,
        "max": 2147483647,
        "name": "snow_panic",
        "type": "integer",
        "value": 0
      },
      {
        "min": -2147483648,
        "max": 2147483647,
        "name": "drop_loot",
        "type": "integer",
        "value": 0
      },
      {
        "min": -2147483648,
        "max": 2147483647,
        "name": "string_timer",
        "type": "integer",
        "value": 6000
      }
    ],
    "onRightClickedOn": {
      "name": "Spider_RightClick"
    },
    "onMobTickUpdate": {
      "name": "Spider_Tick"
    },
    "onInitialSpawn": {
      "name": "Spider_Spawn"
    },
    "hasAI": true,
    "aiBase": "Spider",
    "aixml": "<xml xmlns=\"https://developers.google.com/blockly/xml\"><block type=\"aitasks_container\" deletable=\"false\" x=\"40\" y=\"40\"><next><block type=\"swim_in_water\"><field name=\"condition\">IsStanding,IsStanding</field><next><block type=\"leap_at_target\"><field name=\"speed\">0.5</field><field name=\"condition\">IsStanding,IsStanding</field><next><block type=\"attack_on_collide\"><field name=\"speed\">1.2</field><field name=\"longmemory\">FALSE</field><field name=\"condition\">IsStanding,IsStanding</field><next><block type=\"attack_action\"><field name=\"callhelp\">FALSE</field><field name=\"condition\">IsStanding,IsStanding</field><next><block type=\"fight_as_owner\"><field name=\"condition\">IsStanding,IsStanding</field><next><block type=\"protect_owner\"><field name=\"condition\">IsStanding,IsStanding</field><next><block type=\"attack_entity\"><field name=\"insight\">TRUE</field><field name=\"nearby\">TRUE</field><field name=\"entity\">EntityPlayer</field><field name=\"condition\">WildAttack,WildAttack</field><next><block type=\"attack_entity\"><field name=\"insight\">TRUE</field><field name=\"nearby\">TRUE</field><field name=\"entity\">EntityIronGolem</field><field name=\"condition\">WildAttack,WildAttack</field><next><block type=\"breed\"><field name=\"speed\">1</field><field name=\"condition\">CanBreed,CanBreed</field><next><block type=\"follow_owner\"><field name=\"speed\">1</field><field name=\"min_distance\">10</field><field name=\"max_distance\">2</field><field name=\"condition\">IsStanding,IsTamed</field><next><block type=\"watch_closest_entity\"><field name=\"entity\">EntityPlayer</field><field name=\"radius\">6</field><field name=\"condition\">null,null</field><next><block type=\"wander_avoid_water\"><field name=\"speed\">0.8</field><field name=\"condition\">IsStanding,IsStanding</field><next><block type=\"look_around\"><field name=\"condition\">null,null</field><next><block type=\"follow_item_in_hands\"><field name=\"speed\">1</field><field name=\"scared\">FALSE</field><field name=\"condition\">IsWild,IsWild</field><value name=\"item\"><block type=\"mcitem_all\"><field name=\"value\">Items.BEEF</field></block></value><next><block type=\"follow_item_in_hands\"><field name=\"speed\">1</field><field name=\"scared\">FALSE</field><field name=\"condition\">IsWild,IsWild</field><value name=\"item\"><block type=\"mcitem_all\"><field name=\"value\">Items.PORKCHOP</field></block></value><next><block type=\"follow_item_in_hands\"><field name=\"speed\">1</field><field name=\"scared\">FALSE</field><field name=\"condition\">IsWild,IsWild</field><value name=\"item\"><block type=\"mcitem_all\"><field name=\"value\">Items.MUTTON</field></block></value><next><block type=\"follow_item_in_hands\"><field name=\"speed\">1</field><field name=\"scared\">FALSE</field><field name=\"condition\">IsWild,IsWild</field><value name=\"item\"><block type=\"mcitem_all\"><field name=\"value\">Items.CHICKEN</field></block></value><next><block type=\"follow_item_in_hands\"><field name=\"speed\">1</field><field name=\"scared\">FALSE</field><field name=\"condition\">IsWild,IsWild</field><value name=\"item\"><block type=\"mcitem_all\"><field name=\"value\">Items.RABBIT</field></block></value></block></next></block></next></block></next></block></next></block></next></block></next></block></next></block></next></block></next></block></next></block></next></block></next></block></next></block></next></block></next></block></next></block></next></block></next></block></xml>",
    "breedable": true,
    "tameable": true,
    "breedTriggerItems": [
      {
        "value": "CUSTOM:SpiderFood"
      }
    ],
    "ranged": false,
    "rangedAttackItem": {
      "value": ""
    },
    "rangedItemType": "Default item",
    "rangedAttackInterval": 20,
    "rangedAttackRadius": 10.0,
    "spawnThisMob": false,
    "doesDespawnWhenIdle": true,
    "spawningProbability": 20,
    "mobSpawningType": "monster",
    "minNumberOfMobsPerGroup": 4,
    "maxNumberOfMobsPerGroup": 4,
    "restrictionBiomes": [],
    "spawnInDungeons": false
  }
}