{
  "_fv": 60,
  "_type": "recipe",
  "definition": {
    "recipeType": "Brewing",
    "recipeRetstackSize": 1,
    "group": "",
    "cookingBookCategory": "MISC",
    "xpReward": 0.0,
    "cookingTime": 200,
    "craftingBookCategory": "MISC",
    "recipeShapeless": false,
    "brewingInputStack": {
      "value": "POTION:MUNDANE"
    },
    "brewingIngredientStack": {
      "value": "CUSTOM:Vemon"
    },
    "brewingReturnStack": {
      "value": "POTION:LONG_POISON"
    },
    "name": "vemon_into_long_poison",
    "namespace": "mod"
  }
}