{
  "credit": "Made with Blockbench",
  "elements": [
    {
      "from": [
        0,
        0,
        1
      ],
      "to": [
        16,
        8,
        16
      ],
      "faces": {
        "north": {
          "uv": [
            0,
            8,
            16,
            16
          ],
          "texture": "#stone"
        },
        "east": {
          "uv": [
            0,
            8,
            16,
            16
          ],
          "texture": "#stone"
        },
        "west": {
          "uv": [
            0,
            8,
            16,
            16
          ],
          "texture": "#stone"
        },
        "up": {
          "uv": [
            0,
            0,
            16,
            16
          ],
          "texture": "#stone"
        },
        "down": {
          "uv": [
            0,
            0,
            16,
            16
          ],
          "texture": "#stone"
        }
      }
    },
    {
      "from": [
        0,
        8.01,
        1
      ],
      "to": [
        16,
        8.01,
        16
      ],
      "rotation": {
        "angle": 0,
        "axis": "y",
        "origin": [
          0,
          0.1,
          0
        ]
      },
      "faces": {
        "up": {
          "uv": [
            0,
            0,
            16,
            16
          ],
          "texture": "#web"
        }
      }
    },
    {
      "from": [
        0,
        0,
        16
      ],
      "to": [
        16,
        8,
        31
      ],
      "rotation": {
        "angle": 0,
        "axis": "y",
        "origin": [
          0,
          0,
          15
        ]
      },
      "faces": {
        "east": {
          "uv": [
            0,
            8,
            16,
            16
          ],
          "texture": "#stone"
        },
        "south": {
          "uv": [
            0,
            8,
            16,
            16
          ],
          "texture": "#stone"
        },
        "west": {
          "uv": [
            0,
            8,
            16,
            16
          ],
          "texture": "#stone"
        },
        "up": {
          "uv": [
            0,
            0,
            16,
            16
          ],
          "texture": "#stone"
        },
        "down": {
          "uv": [
            0,
            0,
            16,
            16
          ],
          "texture": "#stone"
        }
      }
    },
    {
      "from": [
        0,
        8.01,
        16
      ],
      "to": [
        16,
        8.01,
        31
      ],
      "rotation": {
        "angle": 0,
        "axis": "y",
        "origin": [
          0,
          0.1,
          15
        ]
      },
      "faces": {
        "up": {
          "uv": [
            0,
            0,
            16,
            16
          ],
          "texture": "#web"
        }
      }
    }
  ],
  "display": {
    "thirdperson_righthand": {
      "rotation": [
        30,
        160,
        0
      ],
      "translation": [
        -1.25,
        1.05,
        1
      ],
      "scale": [
        0.23,
        0.23,
        0.23
      ]
    },
    "thirdperson_lefthand": {
      "rotation": [
        30,
        160,
        0
      ],
      "translation": [
        -1.25,
        1.05,
        1
      ],
      "scale": [
        0.25,
        0.25,
        0.25
      ]
    },
    "firstperson_righthand": {
      "rotation": [
        30,
        160,
        0
      ],
      "translation": [
        -1.75,
        0.75,
        6.5
      ],
      "scale": [
        0.375,
        0.375,
        0.375
      ]
    },
    "firstperson_lefthand": {
      "rotation": [
        30,
        160,
        0
      ],
      "translation": [
        -1.75,
        0.75,
        6.5
      ],
      "scale": [
        0.375,
        0.375,
        0.375
      ]
    },
    "ground": {
      "translation": [
        0,
        1,
        -2
      ],
      "scale": [
        0.25,
        0.25,
        0.25
      ]
    },
    "gui": {
      "rotation": [
        30,
        160,
        0
      ],
      "translation": [
        -1,
        -1,
        0
      ],
      "scale": [
        0.5325,
        0.5325,
        0.5325
      ]
    },
    "head": {
      "rotation": [
        0,
        180,
        0
      ],
      "translation": [
        0,
        10,
        8
      ]
    },
    "fixed": {
      "rotation": [
        -90,
        0,
        0
      ],
      "translation": [
        0,
        -4,
        -2
      ],
      "scale": [
        0.5,
        0.5,
        0.5
      ]
    }
  },
  "groups": [
    {
      "name": "North",
      "origin": [
        0,
        0.1,
        10
      ],
      "color": 0,
      "nbt": "{}",
      "children": [
        0,
        1
      ]
    },
    {
      "name": "South",
      "origin": [
        0,
        0.1,
        10
      ],
      "color": 0,
      "nbt": "{}",
      "children": [
        2,
        3
      ]
    }
  ]
}