{
  "display": {
    "icon": {
      "item": "tameable_spiders:advancementiconarachnophobia"
    },
    "title": {
      "translate": "advancements.arachnophobia.title"
    },
    "description": {
      "translate": "advancements.arachnophobia.descr"
    },
    "frame": "challenge",
    "show_toast": true,
    "announce_to_chat": true,
    "hidden": false
  },
  "criteria": {
    "arachnophobia_0": {
      "trigger": "minecraft:impossible"
    }
  },
  "parent": "tameable_spiders:rootadvancement"
}