{
  "display": {
    "background": "tameable_spiders:textures/screens/cobweb.png",
    "icon": {
      "item": "tameable_spiders:advancementiconroot"
    },
    "title": {
      "translate": "advancements.rootadvancement.title"
    },
    "description": {
      "translate": "advancements.rootadvancement.descr"
    },
    "frame": "task",
    "show_toast": false,
    "announce_to_chat": false,
    "hidden": false
  },
  "criteria": {
    "rootadvancement_0": {
      "trigger": "minecraft:tick"
    }
  }
}