{
  "display": {
    "icon": {
      "item": "tameable_spiders:silk"
    },
    "title": {
      "translate": "advancements.silkspinner.title"
    },
    "description": {
      "translate": "advancements.silkspinner.descr"
    },
    "frame": "goal",
    "show_toast": true,
    "announce_to_chat": true,
    "hidden": false
  },
  "criteria": {
    "silkspinner_0": {
      "trigger": "minecraft:inventory_changed",
      "conditions": {
        "items": [
          {
            "items": [
              "tameable_spiders:silk"
            ],
            "count": {
              "min": 1,
              "max": 2368
            }
          }
        ]
      }
    }
  },
  "rewards": {
    "experience": 0,
    "recipes": [
      "tameable_spiders:silk_into_string",
      "tameable_spiders:silk_string_2",
      "tameable_spiders:silk_string_3",
      "tameable_spiders:silk_string_4"
    ]
  },
  "parent": "tameable_spiders:arachnidally"
}