{
  "display": {
    "icon": {
      "item": "tameable_spiders:advancementiconstomachache"
    },
    "title": {
      "translate": "advancements.stomachache.title"
    },
    "description": {
      "translate": "advancements.stomachache.descr"
    },
    "frame": "challenge",
    "show_toast": true,
    "announce_to_chat": true,
    "hidden": false
  },
  "criteria": {
    "stomachache_0": {
      "trigger": "minecraft:consume_item",
      "conditions": {
        "item": {
          "items": [
            "tameable_spiders:vemon"
          ]
        }
      }
    }
  },
  "parent": "tameable_spiders:vemonmilker"
}