{
  "display": {
    "icon": {
      "item": "tameable:advancement_icon_stomach_ache"
    },
    "title": {
      "translate": "advancements.stomach_ache.title"
    },
    "description": {
      "translate": "advancements.stomach_ache.descr"
    },
    "frame": "challenge",
    "show_toast": true,
    "announce_to_chat": true,
    "hidden": false
  },
  "criteria": {
    "stomach_ache_0": {
      "trigger": "minecraft:consume_item",
      "conditions": {
        "item": {
          "items": [
            "tameable:vemon"
          ]
        }
      }
    }
  },
  "parent": "tameable:vemon_milker"
}