{
  "display": {
    "icon": {
      "item": "tameable:vemon"
    },
    "title": {
      "translate": "advancements.vemon_milker.title"
    },
    "description": {
      "translate": "advancements.vemon_milker.descr"
    },
    "frame": "goal",
    "show_toast": true,
    "announce_to_chat": true,
    "hidden": false
  },
  "criteria": {
    "vemon_milker_0": {
      "trigger": "minecraft:inventory_changed",
      "conditions": {
        "items": [
          {
            "items": [
              "tameable:vemon"
            ],
            "count": {
              "min": 1,
              "max": 592
            }
          }
        ]
      }
    }
  },
  "rewards": {
    "experience": 0,
    "recipes": [
      "tameable:vemon_into_poison",
      "tameable:vemon_into_long_poison",
      "tameable:vemon_into_strong_poison"
    ]
  },
  "parent": "tameable:arachnid_ally"
}