{
  "_fv": 69,
  "_type": "achievement",
  "definition": {
    "achievementName": "Tameable Spiders",
    "achievementDescription": "a mod that makes spiders tameable",
    "achievementIcon": {
      "value": "CUSTOM:RootIcon"
    },
    "background": "cobweb.png",
    "disableDisplay": false,
    "showPopup": false,
    "announceToChat": false,
    "hideIfNotCompleted": false,
    "rewardLoot": [],
    "rewardRecipes": [],
    "rewardFunction": "No function",
    "rewardXP": 0,
    "achievementType": "task",
    "parent": {
      "value": "No parent: root"
    },
    "triggerxml": "<xml xmlns=\"https://developers.google.com/blockly/xml\"><block type=\"advancement_trigger\" deletable=\"false\" x=\"40\" y=\"80\"><next><block type=\"tick\"></block></next></block></xml>"
  }
}