{
  "_fv": 69,
  "_type": "achievement",
  "definition": {
    "achievementName": "Stomach Ache",
    "achievementDescription": "Consume Venom from a Cave Spider",
    "achievementIcon": {
      "value": "CUSTOM:AcheIcon"
    },
    "background": "Default",
    "disableDisplay": false,
    "showPopup": true,
    "announceToChat": true,
    "hideIfNotCompleted": false,
    "rewardLoot": [],
    "rewardRecipes": [],
    "rewardFunction": "No function",
    "rewardXP": 5,
    "achievementType": "challenge",
    "parent": {
      "value": "CUSTOM:VenomMilker"
    },
    "triggerxml": "<xml xmlns=\"https://developers.google.com/blockly/xml\"><block type=\"advancement_trigger\" deletable=\"false\" x=\"40\" y=\"80\"><next><block type=\"item_consumed\"><value name=\"item\"><block type=\"mcitem_all\"><field name=\"value\">CUSTOM:Venom</field></block></value></block></next></block></xml>"
  }
}