{
  "_fv": 66,
  "_type": "recipe",
  "definition": {
    "recipeType": "Crafting",
    "recipeRetstackSize": 1,
    "group": "",
    "cookingBookCategory": "MISC",
    "xpReward": 0.0,
    "cookingTime": 200,
    "craftingBookCategory": "EQUIPMENT",
    "recipeShapeless": false,
    "recipeSlots": [
      {
        "value": "Blocks.COBBLESTONE"
      },
      {
        "value": "Items.IRON_INGOT"
      },
      {
        "value": "Blocks.COBBLESTONE"
      },
      {
        "value": "Blocks.COBBLESTONE"
      },
      {
        "value": "Blocks.BREWING_STAND"
      },
      {
        "value": "Blocks.COBBLESTONE"
      },
      {
        "value": "Blocks.SMOOTH_STONE"
      },
      {
        "value": "Blocks.SMOOTH_STONE"
      },
      {
        "value": "Blocks.SMOOTH_STONE"
      }
    ],
    "recipeReturnStack": {
      "value": "CUSTOM:SlimeMixer"
    },
    "name": "mixer_recipe",
    "namespace": "mod"
  }
}