{
  "_fv": 66,
  "_type": "achievement",
  "definition": {
    "achievementName": "Exterminator",
    "achievementDescription": "Kill 1000 Spiders",
    "achievementIcon": {
      "value": "CUSTOM:Advancementiconexterminator"
    },
    "background": "Default",
    "disableDisplay": false,
    "showPopup": true,
    "announceToChat": true,
    "hideIfNotCompleted": false,
    "rewardLoot": [],
    "rewardRecipes": [],
    "rewardFunction": "No function",
    "rewardXP": 0,
    "achievementType": "challenge",
    "parent": {
      "value": "CUSTOM:Arachnophobia"
    },
    "triggerxml": "<xml xmlns=\"https://developers.google.com/blockly/xml\"><block type=\"advancement_trigger\" deletable=\"false\" x=\"40\" y=\"80\"><next><block type=\"custom_trigger\"></block></next></block></xml>"
  }
}