{
  "_fv": 66,
  "_type": "achievement",
  "definition": {
    "achievementName": "Silk Spinner",
    "achievementDescription": "Harvest Silk From A Tamed Spider",
    "achievementIcon": {
      "value": "CUSTOM:Silk"
    },
    "background": "Default",
    "disableDisplay": false,
    "showPopup": true,
    "announceToChat": true,
    "hideIfNotCompleted": false,
    "rewardLoot": [],
    "rewardRecipes": [
      "SilkIntoString",
      "SilkString2",
      "SilkString3",
      "SilkString4"
    ],
    "rewardFunction": "No function",
    "rewardXP": 0,
    "achievementType": "goal",
    "parent": {
      "value": "CUSTOM:Arachnidally"
    },
    "triggerxml": "<xml xmlns=\"https://developers.google.com/blockly/xml\"><block type=\"advancement_trigger\" deletable=\"false\" x=\"40\" y=\"80\"><next><block type=\"item_in_inventory\"><value name=\"amount_l\"><block type=\"math_number\"><field name=\"NUM\">1</field></block></value><value name=\"amount_h\"><block type=\"math_number\"><field name=\"NUM\">2368</field></block></value><value name=\"item\"><block type=\"mcitem_all\"><field name=\"value\">CUSTOM:Silk</field></block></value></block></next></block></xml>"
  }
}