{
  "_fv": 66,
  "_type": "recipe",
  "definition": {
    "recipeType": "Crafting",
    "recipeRetstackSize": 1,
    "group": "spiderbed",
    "cookingBookCategory": "MISC",
    "xpReward": 0.0,
    "cookingTime": 200,
    "craftingBookCategory": "MISC",
    "recipeShapeless": false,
    "recipeSlots": [
      {
        "value": ""
      },
      {
        "value": ""
      },
      {
        "value": ""
      },
      {
        "value": "Blocks.WEB"
      },
      {
        "value": "Blocks.WEB"
      },
      {
        "value": "Blocks.WEB"
      },
      {
        "value": "Blocks.COBBLED_DEEPSLATE"
      },
      {
        "value": "Blocks.COBBLED_DEEPSLATE"
      },
      {
        "value": "Blocks.COBBLED_DEEPSLATE"
      }
    ],
    "recipeReturnStack": {
      "value": "CUSTOM:BedItem"
    },
    "name": "spider_bed_bottom",
    "namespace": "mod"
  }
}