{
  "_fv": 66,
  "_type": "command",
  "definition": {
    "commandName": "tameable",
    "type": "STANDARD",
    "permissionLevel": "2",
    "argsxml": "<xml xmlns=\"https://developers.google.com/blockly/xml\"><block type=\"args_start\" deletable=\"false\" x=\"40\" y=\"40\"><next><block type=\"literal\"><field name=\"name\">convert</field><statement name=\"args\"><block type=\"literal\"><field name=\"name\">spider</field><statement name=\"args\"><block type=\"entity\"><field name=\"name\">target</field><field name=\"type\">entity</field><statement name=\"args\"><block type=\"call_procedure\"><field name=\"procedure\">Spawn</field></block></statement></block></statement></block></statement></block></next></block></xml>"
  }
}