{
  "credit": "Made with Blockbench",
  "elements": [
    {
      "from": [
        0,
        0,
        0
      ],
      "to": [
        16,
        8,
        15
      ],
      "rotation": {
        "angle": 0,
        "axis": "y",
        "origin": [
          0,
          0,
          -1
        ]
      },
      "faces": {
        "east": {
          "uv": [
            0,
            8,
            16,
            16
          ],
          "texture": "#1"
        },
        "south": {
          "uv": [
            0,
            8,
            16,
            16
          ],
          "texture": "#1"
        },
        "west": {
          "uv": [
            0,
            8,
            16,
            16
          ],
          "texture": "#1"
        },
        "up": {
          "uv": [
            0,
            0,
            16,
            16
          ],
          "texture": "#1"
        },
        "down": {
          "uv": [
            0,
            0,
            16,
            16
          ],
          "texture": "#1"
        }
      }
    },
    {
      "from": [
        0,
        8.1,
        0
      ],
      "to": [
        16,
        8.1,
        15
      ],
      "rotation": {
        "angle": 0,
        "axis": "y",
        "origin": [
          0,
          0.1,
          -1
        ]
      },
      "faces": {
        "up": {
          "uv": [
            0,
            0,
            16,
            16
          ],
          "texture": "#0"
        }
      }
    }
  ]
}