{
  "display": {
    "icon": {
      "id": "tameable_spiders:silk"
    },
    "title": {
      "translate": "advancements.silk_spinner.title"
    },
    "description": {
      "translate": "advancements.silk_spinner.descr"
    },
    "frame": "task",
    "show_toast": true,
    "announce_to_chat": true,
    "hidden": false
  },
  "criteria": {
    "silk_spinner_0": {
      "trigger": "minecraft:inventory_changed",
      "conditions": {
        "items": [
          {
            "items": [
              "tameable_spiders:silk"
            ],
            "count": {
              "min": 1,
              "max": 9999
            }
          }
        ]
      }
    }
  },
  "rewards": {
    "experience": 0,
    "recipes": [
      "tameable_spiders:string",
      "tameable_spiders:web"
    ]
  },
  "parent": "tameable_spiders:root"
}