{
  "display": {
    "icon": {
      "item": "tameable_spiders:pest_icon"
    },
    "title": {
      "translate": "advancements.pest_control.title"
    },
    "description": {
      "translate": "advancements.pest_control.descr"
    },
    "frame": "challenge",
    "show_toast": true,
    "announce_to_chat": true,
    "hidden": false
  },
  "criteria": {
    "pest_control_0": {
      "trigger": "minecraft:impossible"
    }
  },
  "rewards": {
    "experience": 5
  },
  "parent": "tameable_spiders:root"
}