{"stats":{"minecraft:custom":{"minecraft:time_since_rest":36585,"minecraft:sprint_one_cm":82043,"minecraft:damage_taken":440,"minecraft:walk_one_cm":410956,"minecraft:mob_kills":115,"minecraft:interact_with_anvil":4,"minecraft:drop":150,"minecraft:damage_dealt":9996,"minecraft:interact_with_crafting_table":3,"minecraft:talked_to_villager":1,"minecraft:fly_one_cm":531604,"minecraft:crouch_one_cm":3170,"minecraft:play_time":185705,"minecraft:sneak_time":1393,"minecraft:deaths":11,"minecraft:jump":1470,"minecraft:leave_game":10,"minecraft:time_since_death":36561,"minecraft:total_world_time":278130,"minecraft:fall_one_cm":617,"minecraft:use_cauldron":1},"minecraft:dropped":{"minecraft:light_blue_dye":61,"minecraft:brown_dye":1,"tameable_slimes:dyed_alive_slime":11,"minecraft:orange_dye":1,"tameable_slimes:living_slime_bottle":2,"minecraft:leather_horse_armor":9,"minecraft:green_dye":61,"minecraft:yellow_dye":1,"minecraft:glass_bottle":2,"minecraft:pink_dye":1,"tameable_slimes:dyed_living_slime_bottle":50,"tameable_slimes:living_slime":8,"minecraft:potion":1,"minecraft:warped_button":1,"minecraft:slime_spawn_egg":4,"minecraft:white_dye":1,"minecraft:slime_ball":42,"minecraft:sandstone":10,"tameable_slimes:dyed_living_slime":21,"minecraft:red_dye":1,"minecraft:name_tag":1,"minecraft:command_block":1,"minecraft:chipped_anvil":1,"tameable_slimes:alive_slime":2,"minecraft:cauldron":1},"minecraft:killed_by":{"tameable_slimes:slime":1},"minecraft:picked_up":{"minecraft:slime_spawn_egg":3,"minecraft:orange_dye":1,"minecraft:sandstone":1,"minecraft:leather":1,"minecraft:yellow_dye":1,"minecraft:lead":2,"tameable_slimes:dyed_living_slime_bottle":32,"tameable_slimes:living_slime_bottle":1,"tameable_slimes:living_slime":159,"minecraft:slime_ball":685,"minecraft:lever":2,"minecraft:light_blue_dye":61,"minecraft:red_dye":1,"minecraft:leather_horse_armor":8,"tameable_slimes:dyed_alive_slime":8,"tameable_slimes:dyed_living_slime":112,"minecraft:pink_dye":1,"minecraft:green_dye":61},"minecraft:used":{"minecraft:piston":3,"minecraft:lever":2,"minecraft:command_block":1,"minecraft:chipped_anvil":1,"minecraft:slime_block":5,"tameable_slimes:alive_slime":224,"minecraft:sandstone":170,"minecraft:cauldron":1,"minecraft:slime_spawn_egg":3,"minecraft:anvil":1,"minecraft:potion":1,"minecraft:oak_slab":2,"minecraft:crafting_table":1,"tameable_slimes:dyed_alive_slime":436,"minecraft:warped_button":1,"minecraft:deepslate_lapis_ore":2},"minecraft:crafted":{"tameable_slimes:dyed_living_slime":2,"minecraft:leather_boots":3,"minecraft:leather_horse_armor":7},"minecraft:killed":{"tameable_slimes:slime":112}},"DataVersion":3465}