{"stats":{"minecraft:killed_by":{"tameable_slimes:slime":1},"minecraft:killed":{"minecraft:spider":1,"tameable_slimes:slime":766},"minecraft:dropped":{"minecraft:water_bucket":1,"minecraft:iron_ingot":63,"minecraft:furnace":1,"minecraft:anvil":1,"tameable_slimes:slime_mixer":7,"minecraft:piston":1,"tameable_slimes:dyed_alive_slime":42,"minecraft:loom":1,"minecraft:glass_bottle":4,"minecraft:crafting_table":3,"minecraft:pink_dye":64,"tameable_slimes:living_slime":248,"minecraft:slime_block":1,"tameable_slimes:dyeable_slime_ball":12,"minecraft:name_tag":4,"minecraft:stone":60,"minecraft:blue_dye":64,"minecraft:brewing_stand":63,"tameable_slimes:living_slime_bottle":28,"minecraft:hopper":64,"tameable_slimes:dyed_living_slime_bottle":10,"minecraft:potion":1,"minecraft:slime_ball":440,"minecraft:sandstone":14,"tameable_slimes:dyed_living_slime":364,"minecraft:red_dye":130,"tameable_slimes:alive_slime":9,"minecraft:smooth_stone":61},"minecraft:custom":{"minecraft:interact_with_furnace":1,"minecraft:mob_kills":767,"minecraft:interact_with_anvil":4,"minecraft:inspect_hopper":1,"minecraft:interact_with_crafting_table":35,"minecraft:fill_cauldron":6,"minecraft:interact_with_loom":15,"minecraft:clean_armor":1,"minecraft:leave_game":3,"minecraft:time_since_death":10963,"minecraft:time_since_rest":10989,"minecraft:sprint_one_cm":49401,"minecraft:damage_taken":1780,"minecraft:walk_one_cm":388695,"minecraft:drop":250,"minecraft:damage_dealt":28951,"minecraft:fly_one_cm":310370,"minecraft:crouch_one_cm":4619,"minecraft:play_time":176571,"minecraft:deaths":1,"minecraft:sneak_time":1109,"minecraft:jump":1125,"minecraft:walk_on_water_one_cm":2,"minecraft:total_world_time":250610,"minecraft:use_cauldron":55,"minecraft:fall_one_cm":478},"minecraft:picked_up":{"minecraft:crafting_table":1,"minecraft:water_bucket":1,"tameable_slimes:living_slime_bottle":4,"tameable_slimes:living_slime":197,"tameable_slimes:slime_mixer":1,"minecraft:red_dye":65,"tameable_slimes:alive_slime":1,"minecraft:sandstone":4,"tameable_slimes:dyeable_slime_ball":26,"tameable_slimes:dyed_living_slime_bottle":5,"minecraft:slime_ball":456,"minecraft:blue_dye":64,"tameable_slimes:dyed_living_slime":366,"tameable_slimes:dyed_alive_slime":25},"minecraft:used":{"minecraft:netherite_sword":17,"minecraft:water_bucket":1,"minecraft:glass_bottle":33,"minecraft:redstone":3,"minecraft:sandstone":37,"minecraft:cauldron":4,"minecraft:leather_boots":1,"minecraft:anvil":2,"minecraft:comparator":3,"minecraft:crafting_table":3,"minecraft:hopper":2,"minecraft:loom":2,"tameable_slimes:dyed_alive_slime":7,"tameable_slimes:dyeable_slime_ball":41,"minecraft:piston":3,"tameable_slimes:slime_mixer":12,"minecraft:lava_bucket":1,"minecraft:netherite_axe":426,"tameable_slimes:alive_slime":48,"minecraft:slime_spawn_egg":457,"minecraft:golden_carrot":12,"minecraft:potion":31,"minecraft:furnace":5,"minecraft:bucket":1,"minecraft:air":22,"minecraft:powder_snow_bucket":5},"minecraft:crafted":{"minecraft:magma_cream":12,"tameable_slimes:slime_mixer":1,"minecraft:leather_boots":1,"minecraft:leather_helmet":1}},"DataVersion":3465}