{
  "_fv": 57,
  "_type": "livingentity",
  "definition": {
    "mobName": "Cave Spider",
    "mobLabel": "",
    "mobModelName": "Spider",
    "mobModelTexture": "cave_spider.png",
    "transparentModelCondition": {
      "fixedValue": false
    },
    "isShakingCondition": {
      "fixedValue": false
    },
    "solidBoundingBox": {
      "fixedValue": false
    },
    "visualScale": {
      "fixedValue": 1.0,
      "name": "Scale"
    },
    "boundingBoxScale": {
      "fixedValue": 1.0
    },
    "modelLayers": [
      {
        "model": "Default",
        "texture": "cave_spider.png",
        "glow": false
      },
      {
        "model": "Default",
        "texture": "spider_eyes.png",
        "glow": true
      },
      {
        "model": "Modelspider",
        "texture": "cave_spider_sit.png",
        "glow": false,
        "condition": {
          "name": "Is_Sitting"
        }
      },
      {
        "model": "Default",
        "texture": "cave_spider_sit.png",
        "glow": false,
        "condition": {
          "name": "Not_Sitting"
        }
      },
      {
        "model": "Modelspider_big_head",
        "texture": "cave_spider.png",
        "glow": false,
        "condition": {
          "name": "Is_Child"
        }
      },
      {
        "model": "Modelspider_big_head",
        "texture": "spider_eyes.png",
        "glow": true,
        "condition": {
          "name": "Is_Child"
        }
      },
      {
        "model": "Default",
        "texture": "collar_white.png",
        "glow": false,
        "condition": {
          "name": "White_Collar"
        }
      },
      {
        "model": "Modelspider",
        "texture": "collar_white.png",
        "glow": false,
        "condition": {
          "name": "Sitting_White_Collar"
        }
      },
      {
        "model": "Default",
        "texture": "collar_light_gray.png",
        "glow": false,
        "condition": {
          "name": "Light_Gray_Collar"
        }
      },
      {
        "model": "Modelspider",
        "texture": "collar_light_gray.png",
        "glow": false,
        "condition": {
          "name": "Sitting_Light_Gray_Collar"
        }
      },
      {
        "model": "Default",
        "texture": "collar_gray.png",
        "glow": false,
        "condition": {
          "name": "Gray_Collar"
        }
      },
      {
        "model": "Modelspider",
        "texture": "collar_gray.png",
        "glow": false,
        "condition": {
          "name": "Sitting_Gray_Collar"
        }
      },
      {
        "model": "Default",
        "texture": "collar_black.png",
        "glow": false,
        "condition": {
          "name": "Black_Collar"
        }
      },
      {
        "model": "Modelspider",
        "texture": "collar_black.png",
        "glow": false,
        "condition": {
          "name": "Sitting_Black_Collar"
        }
      },
      {
        "model": "Default",
        "texture": "collar_red.png",
        "glow": false,
        "condition": {
          "name": "Red_Collar"
        }
      },
      {
        "model": "Modelspider",
        "texture": "collar_red.png",
        "glow": false,
        "condition": {
          "name": "Sitting_Red_Collar"
        }
      },
      {
        "model": "Default",
        "texture": "collar_orange.png",
        "glow": false,
        "condition": {
          "name": "Orange_Collar"
        }
      },
      {
        "model": "Modelspider",
        "texture": "collar_orange.png",
        "glow": false,
        "condition": {
          "name": "Sitting_Orange_Collar"
        }
      },
      {
        "model": "Default",
        "texture": "collar_yellow.png",
        "glow": false,
        "condition": {
          "name": "Yellow_Collar"
        }
      },
      {
        "model": "Modelspider",
        "texture": "collar_yellow.png",
        "glow": false,
        "condition": {
          "name": "Sitting_Yellow_Collar"
        }
      },
      {
        "model": "Default",
        "texture": "collar_lime.png",
        "glow": false,
        "condition": {
          "name": "Lime_Collar"
        }
      },
      {
        "model": "Modelspider",
        "texture": "collar_lime.png",
        "glow": false,
        "condition": {
          "name": "Sitting_Lime_Collar"
        }
      },
      {
        "model": "Default",
        "texture": "collar_green.png",
        "glow": false,
        "condition": {
          "name": "Green_Collar"
        }
      },
      {
        "model": "Modelspider",
        "texture": "collar_green.png",
        "glow": false,
        "condition": {
          "name": "Sitting_Green_Collar"
        }
      },
      {
        "model": "Default",
        "texture": "collar_brown.png",
        "glow": false,
        "condition": {
          "name": "Brown_Collar"
        }
      },
      {
        "model": "Modelspider",
        "texture": "collar_brown.png",
        "glow": false,
        "condition": {
          "name": "Sitting_Brown_Collar"
        }
      },
      {
        "model": "Default",
        "texture": "collar_pink.png",
        "glow": false,
        "condition": {
          "name": "Pink_Collar"
        }
      },
      {
        "model": "Modelspider",
        "texture": "collar_pink.png",
        "glow": false,
        "condition": {
          "name": "Sitting_Pink_Collar"
        }
      },
      {
        "model": "Default",
        "texture": "collar_magenta.png",
        "glow": false,
        "condition": {
          "name": "Magenta_Collar"
        }
      },
      {
        "model": "Modelspider",
        "texture": "collar_magenta.png",
        "glow": false,
        "condition": {
          "name": "Sitting_Magenta_Collar"
        }
      },
      {
        "model": "Default",
        "texture": "collar_purple.png",
        "glow": false,
        "condition": {
          "name": "Purple_Collar"
        }
      },
      {
        "model": "Modelspider",
        "texture": "collar_purple.png",
        "glow": false,
        "condition": {
          "name": "Sitting_Purple_Collar"
        }
      },
      {
        "model": "Default",
        "texture": "collar_blue.png",
        "glow": false,
        "condition": {
          "name": "Blue_Collar"
        }
      },
      {
        "model": "Modelspider",
        "texture": "collar_blue.png",
        "glow": false,
        "condition": {
          "name": "Sitting_Blue_Collar"
        }
      },
      {
        "model": "Default",
        "texture": "collar_cyan.png",
        "glow": false,
        "condition": {
          "name": "Cyan_Collar"
        }
      },
      {
        "model": "Modelspider",
        "texture": "collar_cyan.png",
        "glow": false,
        "condition": {
          "name": "Sitting_Cyan_Collar"
        }
      },
      {
        "model": "Default",
        "texture": "collar_light_blue.png",
        "glow": false,
        "condition": {
          "name": "Light_Blue_Collar"
        }
      },
      {
        "model": "Modelspider",
        "texture": "collar_light_blue.png",
        "glow": false,
        "condition": {
          "name": "Sitting_Light_Blue_Collar"
        }
      }
    ],
    "modelWidth": 0.7,
    "modelHeight": 0.5,
    "modelShadowSize": 0.49,
    "mountedYOffset": 0.0,
    "hasSpawnEgg": false,
    "spawnEggBaseColor": {
      "value": -1,
      "falpha": 0.0
    },
    "spawnEggDotColor": {
      "value": -1,
      "falpha": 0.0
    },
    "creativeTab": {
      "value": "No creative tab entry"
    },
    "isBoss": false,
    "bossBarColor": "PINK",
    "bossBarType": "PROGRESS",
    "equipmentMainHand": {
      "value": ""
    },
    "equipmentOffHand": {
      "value": ""
    },
    "equipmentHelmet": {
      "value": ""
    },
    "equipmentBody": {
      "value": ""
    },
    "equipmentLeggings": {
      "value": ""
    },
    "equipmentBoots": {
      "value": ""
    },
    "mobBehaviourType": "Mob",
    "mobCreatureType": "ARTHROPOD",
    "attackStrength": 3,
    "attackKnockback": 0.0,
    "knockbackResistance": 0.0,
    "movementSpeed": 0.3,
    "stepHeight": 0.0,
    "armorBaseValue": 0.0,
    "trackingRange": 64,
    "followRange": 16,
    "health": 12,
    "xpAmount": 0,
    "waterMob": false,
    "breatheUnderwater": {
      "fixedValue": false
    },
    "pushedByFluids": {
      "fixedValue": true
    },
    "flyingMob": false,
    "guiBoundTo": "<NONE>",
    "inventorySize": 9,
    "inventoryStackSize": 64,
    "disableCollisions": false,
    "ridable": false,
    "canControlForward": false,
    "canControlStrafe": false,
    "immuneToFire": false,
    "immuneToArrows": false,
    "immuneToFallDamage": false,
    "immuneToCactus": false,
    "immuneToDrowning": false,
    "immuneToLightning": false,
    "immuneToPotions": false,
    "immuneToPlayer": false,
    "immuneToExplosion": false,
    "immuneToTrident": false,
    "immuneToAnvil": false,
    "immuneToWither": false,
    "immuneToDragonBreath": false,
    "mobDrop": {
      "value": ""
    },
    "livingSound": {
      "value": "entity.spider.ambient"
    },
    "hurtSound": {
      "value": "entity.spider.hurt"
    },
    "deathSound": {
      "value": "entity.spider.death"
    },
    "stepSound": {
      "value": "entity.spider.step"
    },
    "entityDataEntries": [
      {
        "name": "Sitting",
        "type": "logic",
        "value": false
      },
      {
        "name": "Trying_To_Sit",
        "type": "logic",
        "value": true
      },
      {
        "min": -2147483648,
        "max": 2147483647,
        "name": "Collar_Color",
        "type": "integer",
        "value": -1
      },
      {
        "min": -2147483648,
        "max": 2147483647,
        "name": "Eligible_Loot",
        "type": "integer",
        "value": 0
      },
      {
        "name": "Is_Climbing",
        "type": "logic",
        "value": false
      },
      {
        "min": -2147483648,
        "max": 2147483647,
        "name": "In_Snow",
        "type": "integer",
        "value": 0
      },
      {
        "name": "ID",
        "type": "string",
        "value": ""
      }
    ],
    "whenMobDies": {
      "name": "Spider_Loot"
    },
    "whenMobIsHurt": {
      "name": "Spider_Hurt"
    },
    "onRightClickedOn": {
      "name": "Spider_Right_Click"
    },
    "onMobTickUpdate": {
      "name": "Spider_Tick"
    },
    "hasAI": true,
    "aiBase": "Spider",
    "aixml": "<xml xmlns=\"https://developers.google.com/blockly/xml\"><block type=\"aitasks_container\" deletable=\"false\" x=\"87\" y=\"129\"><next><block type=\"breed\"><field name=\"speed\">1</field><field name=\"condition\">CanBreed,CanBreed</field><next><block type=\"follow_parent\"><field name=\"speed\">0.8</field><field name=\"condition\">Spider_Follow_Adult,Spider_Follow_Adult</field><next><block type=\"fight_as_owner\"><field name=\"condition\">Not_Sitting,Not_Sitting</field><next><block type=\"protect_owner\"><field name=\"condition\">Not_Sitting,Not_Sitting</field><next><block type=\"wander\"><field name=\"speed\">1.2</field><field name=\"condition\">Panic_In_Snow,Panic_In_Snow</field><next><block type=\"follow_owner\"><field name=\"speed\">1</field><field name=\"min_distance\">10</field><field name=\"max_distance\">2</field><field name=\"condition\">FollowOwner,FollowOwner</field><next><block type=\"leap_at_target\"><field name=\"speed\">0.5</field><field name=\"condition\">Not_Sitting,Not_Sitting</field><next><block type=\"look_around\"><field name=\"condition\">null,null</field><next><block type=\"swim_in_water\"><field name=\"condition\">In_Liquid,In_Liquid</field><next><block type=\"attack_action\"><field name=\"callhelp\">FALSE</field><field name=\"condition\">Not_Sitting,Not_Sitting</field><next><block type=\"attack_entity\"><field name=\"insight\">TRUE</field><field name=\"nearby\">TRUE</field><field name=\"entity\">EntityPlayer</field><field name=\"condition\">Is_Hostile,Is_Hostile</field><next><block type=\"attack_on_collide\"><field name=\"speed\">1</field><field name=\"longmemory\">FALSE</field><field name=\"condition\">Not_Sitting,Not_Sitting</field><next><block type=\"wander\"><field name=\"speed\">0.8</field><field name=\"condition\">Not_Sitting,Not_Sitting</field><next><block type=\"follow_item_in_hands\"><field name=\"speed\">1</field><field name=\"scared\">FALSE</field><field name=\"condition\">CanLure,CanLure</field><value name=\"item\"><block type=\"mcitem_all\"><field name=\"value\">Items.BEEF</field></block></value><next><block type=\"follow_item_in_hands\"><field name=\"speed\">1</field><field name=\"scared\">FALSE</field><field name=\"condition\">CanLure,CanLure</field><value name=\"item\"><block type=\"mcitem_all\"><field name=\"value\">Items.PORKCHOP</field></block></value><next><block type=\"follow_item_in_hands\"><field name=\"speed\">1</field><field name=\"scared\">FALSE</field><field name=\"condition\">CanLure,CanLure</field><value name=\"item\"><block type=\"mcitem_all\"><field name=\"value\">Items.MUTTON</field></block></value><next><block type=\"follow_item_in_hands\"><field name=\"speed\">1</field><field name=\"scared\">FALSE</field><field name=\"condition\">CanLure,CanLure</field><value name=\"item\"><block type=\"mcitem_all\"><field name=\"value\">Items.CHICKEN</field></block></value><next><block type=\"follow_item_in_hands\"><field name=\"speed\">1</field><field name=\"scared\">FALSE</field><field name=\"condition\">CanLure,CanLure</field><value name=\"item\"><block type=\"mcitem_all\"><field name=\"value\">Items.RABBIT</field></block></value></block></next></block></next></block></next></block></next></block></next></block></next></block></next></block></next></block></next></block></next></block></next></block></next></block></next></block></next></block></next></block></next></block></next></block></next></block></xml>",
    "breedable": true,
    "tameable": true,
    "breedTriggerItems": [
      {
        "value": "TAG:tameable_spiders:spider_food"
      }
    ],
    "ranged": false,
    "rangedAttackItem": {
      "value": ""
    },
    "rangedItemType": "Default item",
    "rangedAttackInterval": 20,
    "rangedAttackRadius": 10.0,
    "spawnThisMob": false,
    "doesDespawnWhenIdle": false,
    "spawningProbability": 20,
    "mobSpawningType": "monster",
    "minNumberOfMobsPerGroup": 4,
    "maxNumberOfMobsPerGroup": 4,
    "restrictionBiomes": [],
    "spawnInDungeons": false
  }
}