{
  "_fv": 57,
  "_type": "overlay",
  "definition": {
    "priority": "NORMAL",
    "components": [
      {
        "type": "entitymodel",
        "data": {
          "entityModel": {
            "name": "HudTarget"
          },
          "scale": 30,
          "rotationX": 20,
          "followMouseMovement": false,
          "anchorPoint": "BOTTOM_RIGHT",
          "x": 369,
          "y": 188
        }
      },
      {
        "type": "label",
        "data": {
          "name": "label_proc_entity_display",
          "text": {
            "fixedValue": "",
            "name": "TargetHP"
          },
          "color": {
            "value": -1,
            "falpha": 0.0
          },
          "anchorPoint": "BOTTOM_RIGHT",
          "x": 359,
          "y": 213
        }
      }
    ],
    "baseTexture": "",
    "overlayTarget": "Ingame",
    "displayCondition": {
      "name": "IsHudTarget"
    },
    "gridSettings": {
      "sx": 5,
      "sy": 10,
      "ox": 11,
      "oy": 15,
      "snapOnGrid": true
    }
  }
}